{
  "Argentieri": [
    44.108974,
    9.829073
  ],
  "Baracchini": [
    44.108573,
    9.816477
  ],
  "Alleanza": [
    44.105191,
    9.824567
  ],
  "Beretta": [
    44.122577,
    9.846926
  ],
  "Della Stazione": [
    44.109698,
    9.81593
  ],
  "Croce Verde": [
    44.108003,
    9.814031
  ],
  "Schiaffino": [
    44.108935,
    9.812111
  ],
  "Tapparo": [
    44.106763,
    9.815533
  ],
  "Tarantola": [
    44.106054,
    9.816735
  ],
  "Felia Prione": [
    44.10523,
    9.820415
  ],
  "Croce Bianca": [
    44.105253,
    9.821863
  ],
  "Croce Rossa": [
    44.103712,
    9.820372
  ],
  "Bonaschi": [
    44.103558,
    9.822164
  ],
  "Centrale": [
    44.104787,
    9.818795
  ],
  "Dell'Aquila": [
    44.104105,
    9.823354
  ],
  "Farmaceutica": [
    44.107025,
    9.818146
  ],
  "Bergero": [
    44.111947,
    9.841475
  ],
  "Degli Speziali": [
    44.117239,
    9.80518
  ],
  "Del Fico": [
    44.104999,
    9.803109
  ],
  "Del Porto": [
    44.112194,
    9.833515
  ],
  "Dell'Arsenale": [
    44.112517,
    9.802744
  ],
  "Della Marina": [
    44.126042,
    9.846089
  ],
  "Farina": [
    44.114643,
    9.83609
  ],
  "Internazionale": [
    44.114235,
    9.810534
  ],
  "S.ta Barbara": [
    44.119326,
    9.85184
  ],
  "Di Marola": [
    44.089989,
    9.819524
  ],
  "Di Prima": [
    44.118479,
    9.802959
  ],
  "Maglio": [
    44.097248,
    9.812218
  ],
  "Maimone": [
    44.116446,
    9.874241
  ],
  "Migliarina": [
    44.122357,
    9.842264
  ]
}
